"","PD","SR","PE","PSV","MPD","MNTD","PSC"
"23626",178.049183662417,6,89.0245918312083,0.771670604857911,69.1611631173536,44.3318120628066,0.494635351503646
"23627",178.049183662417,6,89.0245918312083,0.771670604857911,69.1611631173536,44.3318120628066,0.494635351503646
