"","PD","SR","PE","PSV","MPD","MNTD","PSC"
"27474",282.460491203728,7,70.6151228009321,0.65495386232074,90.5423121898959,62.2293719423832,0.450147191050043
"27649",489.104241586509,15,169.071306347721,0.76086360399295,105.183515862561,45.1612045840693,0.326681577419382
"27650",444.741841457716,13,124.708906218928,0.760515089143174,105.135336376727,46.5364374195622,0.336629567871705
"27823",444.741841457716,13,124.708906218928,0.760515089143174,105.135336376727,46.5364374195622,0.336629567871705
