"","PD","SR","PE","PSV","MPD","MNTD","PSC"
"27820",291.363319195559,12,36.8266272884793,0.696237008184855,96.2493882086021,21.5673721165522,0.156011408657409
"27994",291.363319195559,12,36.8266272884793,0.696237008184855,96.2493882086021,21.5673721165522,0.156011408657409
"27995",291.363319195559,12,36.8266272884793,0.696237008184855,96.2493882086021,21.5673721165522,0.156011408657409
"27996",288.113620083284,11,36.0142025104105,0.714102783012575,98.7191935720427,23.6483646345112,0.17106463685683
"27997",288.113620083284,11,36.0142025104105,0.714102783012575,98.7191935720427,23.6483646345112,0.17106463685683
"28169",291.363319195559,12,36.8266272884793,0.696237008184855,96.2493882086021,21.5673721165522,0.156011408657409
"28170",288.113620083284,11,36.0142025104105,0.714102783012575,98.7191935720427,23.6483646345112,0.17106463685683
"28171",288.113620083284,11,36.0142025104105,0.714102783012575,98.7191935720427,23.6483646345112,0.17106463685683
