"","PD","SR","PE","PSV","MPD","MNTD","PSC"
"27474",196.020999884406,9,45.5491930868397,0.307829591619716,42.5550631718718,25.9636638853918,0.187812764335751
"27649",310.224709984644,12,102.238008879131,0.440186090937832,60.8523267976781,38.4558517715648,0.278177219439631
"27650",282.293341346325,11,74.3066402408129,0.435680735447045,60.2294962032788,36.8734076347401,0.266730329314422
"27822",69.1211376852345,1,13.8242275370469,NA,NA,NA,NA
"27823",282.293341346325,11,74.3066402408129,0.435680735447045,60.2294962032788,36.8734076347401,0.266730329314422
