"","PD","SR","PE","PSV","MPD","MNTD","PSC"
"32181",255.357575890975,6,51.0715151781949,0.777577440248757,107.494074616733,55.7435270343765,0.403230682401545
"32354",255.357575890975,6,51.0715151781949,0.777577440248757,107.494074616733,55.7435270343765,0.403230682401545
"32355",255.357575890975,6,51.0715151781949,0.777577440248757,107.494074616733,55.7435270343765,0.403230682401545
"32529",255.357575890975,6,51.0715151781949,0.777577440248757,107.494074616733,55.7435270343765,0.403230682401545
"32530",255.357575890975,6,51.0715151781949,0.777577440248757,107.494074616733,55.7435270343765,0.403230682401545
