"","PD","SR","PE","PSV","MPD","MNTD","PSC"
"32181",928.304768751418,57,185.736954424706,0.574670820095048,79.4438017589528,22.1324420909603,0.160098942466395
"32354",928.304768751418,57,185.736954424706,0.574670820095048,79.4438017589528,22.1324420909603,0.160098942466395
"32355",928.304768751418,57,185.736954424706,0.574670820095048,79.4438017589528,22.1324420909603,0.160098942466395
"32529",926.784755262971,56,185.356951052594,0.580079424043255,80.1914994753306,22.5947176666737,0.163442894773854
"32530",928.304768751418,57,185.736954424706,0.574670820095048,79.4438017589528,22.1324420909603,0.160098942466395
