"","PD","SR","PE","PSV","MPD","MNTD","PSC"
"31310",1400.3075887303,76,212.648519455236,0.661956791397486,91.5104130397233,26.0472574466234,0.188417453176466
"31311",1754.17314584392,102,268.857249723075,0.665224409805394,91.9621360434749,24.342902428118,0.176088699081975
"31312",1367.45506361656,73,189.027685200085,0.707163286783508,97.7598618234116,26.7330886272734,0.193378534573687
"31485",1648.87083394387,95,243.216997502407,0.672548034847363,92.9745706332369,24.5890659595374,0.177869366614824
"31486",1913.68147036247,115,316.19767939068,0.68490132746096,94.6823179124578,23.9490098502372,0.17323940730907
"31487",1728.5973018701,106,263.922359246367,0.692946117273082,95.7944479609627,22.6870768124952,0.164110991024252
"31660",1842.66428510159,110,307.635070305035,0.694767829951421,96.0462856666874,23.8417155030404,0.172463274632511
"31661",1680.12949647258,105,268.375864304307,0.698398903328942,96.5482535124332,21.905696434139,0.158458737570942
