"","PD","SR","PE","PSV","MPD","MNTD","PSC"
"31310",1425.1748937517,78,214.516469534468,0.668861283575911,92.4649057487465,25.9321842700147,0.18758505095869
"31311",1786.20162188036,105,272.157434005317,0.674466639588469,93.239802918184,24.1944494934847,0.17501483846853
"31312",1433.90725708745,76,202.118832757319,0.712489073936381,98.4961107575636,27.1102360631173,0.196106697393875
"31485",1684.20721144282,98,248.171132515905,0.682361576741959,94.3312169941893,24.3121643389606,0.175866349666248
"31486",1949.01784786142,118,321.151814404178,0.692428354958036,95.7228713204297,23.7353133206726,0.171693595588364
"31487",1802.21066635604,110,278.445741006611,0.700913177306804,96.8958324680375,22.9659263678136,0.16612809870402
"31660",1909.11647857248,113,320.726217862269,0.699497926815371,96.7001850198826,24.1721343038974,0.17485341758966
"31661",1766.41900638042,110,295.575391486459,0.704100676033133,97.3364795447057,22.2442924978492,0.160908032208221
