"","PD","SR","PE","PSV","MPD","MNTD","PSC"
"24665",1191.89822929042,60,186.162747225708,0.671230372353799,92.7924139719563,25.9906434442464,0.188007925756396
"24839",1274.50032408853,66,236.582168334612,0.665841809973441,92.0474868475198,25.469867755084,0.184240802510147
"24840",1315.98193554915,68,229.988504855727,0.66939570783089,92.5387857737678,26.050503109828,0.188440931256495
"24841",1194.51354427018,59,184.675048603404,0.662802435225681,91.6273167666859,27.5819205808271,0.199518710950841
"24842",1327.14612933532,67,237.720182242912,0.680054776175815,94.0123196350996,27.7949423143629,0.201059641414875
"24843",1312.17760489248,69,226.644924639186,0.678155875294374,93.7498112565462,26.2402563614033,0.189813545032323
"25016",1234.41862931617,61,200.453679992351,0.664006662192356,91.7937918426216,28.7250659557367,0.207787855623454
