"","PD","SR","PE","PSV","MPD","MNTD","PSC"
"24665",611.315188380349,30,92.7916937912155,0.507261107117325,70.1249296548422,26.5033716491327,0.191716836098853
"24839",825.657672528489,39,224.443267747156,0.573082549701246,79.2242356458101,26.2873612873766,0.190154286862903
"24840",712.120599714692,33,110.906194933358,0.539449065740193,74.574666294398,28.7451789047199,0.207933346204604
"24841",703.271378770497,31,107.540720365863,0.531084255183957,73.418295850061,33.2504081160899,0.240522720180811
"24842",728.48183213004,33,116.330067981821,0.535271287381652,73.9971207081198,32.0190369266654,0.231615378442369
"24843",716.342137058214,32,119.140423342958,0.526165049980504,72.7382537297213,32.7131149849216,0.236636115090375
"25016",698.291148394045,29,109.660542566346,0.540018826225667,74.653431280326,37.1606241237482,0.268807960691931
