"","PD","SR","PE","PSV","MPD","MNTD","PSC"
"31310",391.23281753325,17,51.1894672941545,0.718205717656807,99.2863925929576,19.5465554299511,0.141393472999263
"31311",417.933598939697,19,58.7210944201122,0.697922042246225,96.4823311513226,19.8004878232358,0.143230337971315
"31312",419.171179156799,20,64.2420961100263,0.712510608789301,98.499087784631,18.1671796604061,0.131415513899209
"31485",386.975671851987,16,49.7704187337335,0.728055324530434,100.648024658672,22.0887517951108,0.159782900968001
"31486",404.431962583785,17,52.6798005223664,0.720937222545041,99.6640020438926,22.2852278649873,0.161204145441517
"31487",386.975671851987,16,49.1885423760069,0.728055324530434,100.648024658672,22.0887517951108,0.159782900968001
"31660",386.975671851987,16,49.1885423760069,0.728055324530434,100.648024658672,22.0887517951108,0.159782900968001
"31661",386.975671851987,16,49.1885423760069,0.728055324530434,100.648024658672,22.0887517951108,0.159782900968001
