"","PD","SR","PE","PSV","MPD","MNTD","PSC"
"27820",1047.08710649654,49,131.63702440312,0.732877941917292,101.314714259473,28.6613874305598,0.207327225725643
"27994",1096.63040334137,52,141.215636848206,0.735215183221134,101.637819815406,28.2584150201733,0.204412253375061
"27995",1129.31335785194,55,153.749740656365,0.727601021385463,100.585220758204,27.3395505923222,0.197765484683005
"27996",1094.8383873487,53,140.033875858403,0.725846526169432,100.342675347413,27.3352604497656,0.197734451176466
"27997",1074.6590599751,53,137.257476280062,0.723693537870766,100.045041346159,26.6914153617414,0.193077083621579
"28169",1333.07021356514,74,283.539355453716,0.697312206651343,96.3980260910843,23.8102492135101,0.172235657650325
"28170",1277.7982376279,71,215.772072443869,0.699857855204691,96.7499423393927,23.4353155984604,0.169523508895214
"28171",1177.21131090604,61,190.286293615349,0.718958996293589,99.3905275456943,25.878037369223,0.18719336975519
