"","PD","SR","PE","PSV","MPD","MNTD","PSC"
"27820",138.242275370469,2,17.2802844213086,1,138.242275370469,138.242275370469,1
"27994",138.242275370469,2,17.2802844213086,1,138.242275370469,138.242275370469,1
"27995",157.43507775149,3,26.8766856118191,0.75922302508205,104.956718500993,71.6711616315175,0.518446050164101
"27996",138.242275370469,2,17.2802844213086,1,138.242275370469,138.242275370469,1
"27997",138.242275370469,2,17.2802844213086,1,138.242275370469,138.242275370469,1
"28169",165.995822267962,4,35.4374301282916,0.613198245984462,84.7699207780726,52.7177145496002,0.381342931518774
"28170",138.242275370469,2,17.2802844213086,1,138.242275370469,138.242275370469,1
"28171",138.242275370469,2,17.2802844213086,1,138.242275370469,138.242275370469,1
