"","PD","SR","PE","PSV","MPD","MNTD","PSC"
"27474",58.6148896174589,4,14.6537224043647,0.67616372584044,30.0191797547326,20.6954058220001,0.466151401294615
"27649",77.2013745469025,6,20.8492173808459,0.615647242412759,27.3324707156137,19.3881850671922,0.436707050606534
"27650",77.2013745469025,6,20.8492173808459,0.615647242412759,27.3324707156137,19.3881850671922,0.436707050606534
"27823",77.2013745469025,6,20.8492173808459,0.615647242412759,27.3324707156137,19.3881850671922,0.436707050606534
