"","PD","SR","PE","PSV","MPD","MNTD","PSC"
"35656",452.965524763506,20,150.988508254502,0.642232189155863,88.7836391450639,23.1420790208941,0.167402330140159
"35829",452.965524763506,20,150.988508254502,0.642232189155863,88.7836391450639,23.1420790208941,0.167402330140159
"35830",452.965524763506,20,150.988508254502,0.642232189155863,88.7836391450639,23.1420790208941,0.167402330140159
