"","PD","SR","PE","PSV","MPD","MNTD","PSC"
"32181",1940.32815291385,106,393.854134141438,0.747235275989263,103.299504789836,25.9064649509568,0.18739900570597
"32354",1940.32815291385,106,393.854134141438,0.747235275989263,103.299504789836,25.9064649509568,0.18739900570597
"32355",1987.21202760798,111,417.93285598742,0.740703753883491,102.396572312302,25.3045714439282,0.183045102347423
"32529",1931.12210549607,109,390.785451668843,0.741706188137585,102.535151104497,24.7397026243321,0.17895902362742
"32530",1939.78492974286,110,399.448275915635,0.739658032550409,102.252009415813,24.6544570930236,0.17834238496837
