"","PD","SR","PE","PSV","MPD","MNTD","PSC"
"34433",62.6243666062237,2,31.3121833031118,1,62.6243666062237,62.6243666062237,1
"34608",62.6243666062237,2,31.3121833031118,1,62.6243666062237,62.6243666062237,1
