"","PD","SR","PE","PSV","MPD","MNTD","PSC"
"35656",746.466966506225,32,248.822322168742,0.771236594419281,106.617501661493,29.6866400820382,0.214743572488823
"35829",746.466966506225,32,248.822322168742,0.771236594419281,106.617501661493,29.6866400820382,0.214743572488823
"35830",746.466966506225,32,248.822322168742,0.771236594419281,106.617501661493,29.6866400820382,0.214743572488823
