"","PD","SR","PE","PSV","MPD","MNTD","PSC"
"23626",170.098395121813,5,85.0491975609066,0.82911250048801,74.3094067959823,55.4992605542114,0.619236953669582
"23627",170.098395121813,5,85.0491975609066,0.82911250048801,74.3094067959823,55.4992605542114,0.619236953669582
