"","PD","SR","PE","PSV","MPD","MNTD","PSC"
"24665",417.04817973118,21,64.7872848244343,0.673876690699935,93.1582470414807,19.1655734546017,0.138637572357955
"24839",549.083503693812,30,180.765409431523,0.673570897130783,93.1159734426875,20.6436020576749,0.149329154213883
"24840",430.39875288217,24,67.0123803495992,0.652702777736266,90.2311171348869,17.5090002430005,0.126654456432224
"24841",398.473360530286,21,57.496380139412,0.636296662247662,87.9630983997515,18.2751157550419,0.132196288769606
"24842",465.614264182891,24,106.98650568308,0.65401814607838,90.4129566474509,21.4402821177125,0.155092080626246
"24843",437.780696373112,24,83.7736264283384,0.648571643787328,89.6600197779255,18.3697505145234,0.132880846074728
"25016",429.245123514695,24,66.3570289677514,0.638823750443991,88.3124488220739,17.658452776322,0.127735547819941
