"","PD","SR","PE","PSV","MPD","MNTD","PSC"
"27820",1068.28660463604,51,134.286961670558,0.736731038991204,101.847375166194,28.3687643211065,0.205210484600911
"27994",1117.82990148088,54,143.865574115644,0.738698479340832,102.119358596782,27.9969736542225,0.202521070918391
"27995",1168.16647920444,58,161.61511492719,0.734613891400547,101.554695865966,27.2121235680461,0.196843718718616
"27996",1116.0378854882,55,142.683813125841,0.730250708347163,100.951519512809,27.1121418203015,0.19612048302623
"27997",1095.8585581146,55,139.9074135475,0.728252851191902,100.6753311938,26.4917092809327,0.19163247429152
"28169",1362.83045622112,77,292.476870769738,0.705930272441886,97.5894071152614,23.6279437317054,0.170916918637125
"28170",1298.9977357674,73,216.148843243419,0.704992407006418,97.459754463471,23.3740603256122,0.169080408022605
"28171",1198.41080904554,63,192.267126815175,0.723258532195802,99.9849051718533,25.7295123143112,0.186118987446929
