"","PD","SR","PE","PSV","MPD","MNTD","PSC"
"23999",44.8126199715022,1,44.8126199715022,NA,NA,NA,NA
"25566",44.8126199715022,1,44.8126199715022,NA,NA,NA,NA
