"","PD","SR","PE","PSV","MPD","MNTD","PSC"
"35656",138.242275370469,2,46.080758456823,1,138.242275370469,138.242275370469,1
"35829",138.242275370469,2,46.080758456823,1,138.242275370469,138.242275370469,1
"35830",138.242275370469,2,46.080758456823,1,138.242275370469,138.242275370469,1
