"","PD","SR","PE","PSV","MPD","MNTD","PSC"
"24665",914.48781319914,39,145.947034450633,0.661761201208686,91.4833742069835,30.6067365270228,0.22139925319517
"24839",997.503982268426,42,191.609087975021,0.662808751911297,91.6281899996784,32.1422571095958,0.232506713474292
"24840",988.287785218836,43,177.298334622402,0.654133701832666,90.4289313378557,30.6929569041153,0.222022943573974
"24841",867.155459958262,36,130.570616584648,0.647825503070116,89.5568715874316,31.4990839737516,0.227854206604591
"24842",976.978318976405,42,161.980538511901,0.654185037671478,90.436028121021,32.1724102933586,0.232724831873182
"24843",1000.2167530067,44,169.909664533583,0.652457648830811,90.1972299572377,31.4768898344414,0.227693661364355
"25016",913.928105296894,39,151.146208222486,0.626305967436557,86.5819620165325,32.5182019603625,0.235226177182186
