"","PD","SR","PE","PSV","MPD","MNTD","PSC"
"35656",719.741096716013,30,239.913698905338,0.776421874524448,107.334326581664,30.2545520643737,0.218851664465852
"35829",719.741096716013,30,239.913698905338,0.776421874524448,107.334326581664,30.2545520643737,0.218851664465852
"35830",719.741096716013,30,239.913698905338,0.776421874524448,107.334326581664,30.2545520643737,0.218851664465852
