"","PD","SR","PE","PSV","MPD","MNTD","PSC"
"35656",549.273840743467,33,183.091280247822,0.378253871469138,52.2906758595826,24.4445569971696,0.176824035423765
"35829",549.273840743467,33,183.091280247822,0.378253871469138,52.2906758595826,24.4445569971696,0.176824035423765
"35830",549.273840743467,33,183.091280247822,0.378253871469138,52.2906758595826,24.4445569971696,0.176824035423765
