"","PD","SR","PE","PSV","MPD","MNTD","PSC"
"24665",479.854484264562,21,70.3612002402931,0.673391825989125,93.0912182406115,24.0382090921813,0.173884645834731
"24839",519.573456379297,25,101.323071374688,0.655326860974542,90.5938763725077,21.9974433336632,0.159122405029238
"24840",546.852469906834,25,87.3281047555837,0.677187385477857,93.6159250206377,24.7562788986907,0.179078931045858
"24841",534.304501526788,23,84.593247578851,0.673919959343237,93.164228597183,26.9625650231913,0.195038492754373
"24842",592.08147519984,25,133.132923517679,0.70629797333798,97.6402389237932,29.6032367638738,0.214140259805052
"24843",531.119171462298,25,89.6664561380269,0.699478700312287,96.6975271043488,23.7145777638932,0.171543601263373
"25016",505.299442402622,22,76.106704191372,0.699744687935517,96.7342978386046,25.7507660682913,0.186272730243213
