"","PD","SR","PE","PSV","MPD","MNTD","PSC"
"27474",334.233979292916,8,83.5584948232291,0.687435126198782,95.032596015305,67.3940724718823,0.487506967686087
"27649",499.761471109112,16,168.309258847823,0.764884074780305,105.739314892265,38.5312506670674,0.278722630713429
"27650",455.399070980319,14,123.94685871903,0.763368814323142,105.529841838888,38.861116311882,0.281108772318308
"27823",455.399070980319,14,123.94685871903,0.763368814323142,105.529841838888,38.861116311882,0.281108772318308
