"","PD","SR","PE","PSV","MPD","MNTD","PSC"
"23999",103.546976178376,2,49.8876376419282,1,103.546976178376,103.546976178376,1
"25566",94.1050329976749,3,66.3324385058209,0.528940410243942,54.77018005931,29.8929097576636,0.288689354927838
"25738",103.546976178376,2,55.7983250445456,1,103.546976178376,103.546976178376,1
