"","PD","SR","PE","PSV","MPD","MNTD","PSC"
"23626",222.338296418712,7,111.169148209356,0.835794990317393,74.9083265503574,50.6527282699188,0.565161424417168
"23627",222.338296418712,7,111.169148209356,0.835794990317393,74.9083265503574,50.6527282699188,0.565161424417168
