"","PD","SR","PE","PSV","MPD","MNTD","PSC"
"32181",418.672350458326,20,86.2197340307771,0.689077276115356,95.2596105562717,16.9965342988917,0.122947443199582
"32354",418.672350458326,20,86.2197340307771,0.689077276115356,95.2596105562717,16.9965342988917,0.122947443199582
"32355",429.466721896781,20,101.156212034418,0.694422153097248,95.9984985118237,18.1522281484692,0.13130735948771
"32529",410.388137327953,19,82.0776274655906,0.703079983333082,97.1953766633966,17.0993365174593,0.123691081267547
"32530",410.388137327953,19,82.0776274655906,0.703079983333082,97.1953766633966,17.0993365174593,0.123691081267547
