"","PD","SR","PE","PSV","MPD","MNTD","PSC"
"31310",818.681545083773,49,107.263247165647,0.577255115681737,79.8010606610866,20.7915788641649,0.150399570670018
"31311",955.752120439176,56,131.231487544657,0.608681791931737,84.1455558932177,20.8826433102596,0.151058301480479
"31312",915.705504353424,53,125.200767610681,0.627954419043348,86.8098477174933,20.5704226486212,0.14879979798868
"31485",984.023662577923,56,162.011880655638,0.602684045617809,83.3164137956854,23.136974614291,0.167365406510326
"31486",978.611128046545,60,143.693064720219,0.621344386879408,85.8960618308784,20.5535919837624,0.148678050391473
"31487",970.115162951053,59,156.868275477384,0.646846850158857,89.4215803821811,19.7530923129759,0.142887494147796
"31660",908.401464831901,54,122.359062159444,0.624020901884122,86.2660693551932,21.828969988062,0.157903723224777
"31661",922.778070171335,55,130.370824227134,0.620716281398441,85.8092311000168,19.8788830908668,0.14379742403396
