"","PD","SR","PE","PSV","MPD","MNTD","PSC"
"27820",941.870627952123,62,117.733828494015,0.579411460590968,80.0991586878222,17.3476516872066,0.125487313057583
"27994",996.153262567943,63,125.48849058199,0.591884117208548,81.8234071185511,18.7955503783881,0.135960944855825
"27995",1005.51478772105,65,127.122089912109,0.597014305506551,82.5326160219459,18.428264298558,0.133304115902122
"27996",1005.51478772105,65,127.122089912109,0.597014305506551,82.5326160219459,18.428264298558,0.133304115902122
"27997",1006.81971042567,65,128.434657505837,0.598061274269867,82.6773513660285,18.1255494720906,0.131114374553781
"28169",1010.51072050132,66,129.620056302244,0.605543016498361,83.7116444354309,18.3004400752548,0.132379476728174
"28170",1010.51072050132,66,129.620056302244,0.605543016498361,83.7116444354309,18.3004400752548,0.132379476728174
"28171",1017.76578256869,68,137.620446338411,0.586753094001848,81.1140827954781,17.5377558304009,0.126862465070126
